timestamp,debitor_balance,creditor_balance,amount,debitor_txn_history,creditor_txn_history,debitor_avg_txn,fraudulent
2024-01-10 21:16:00,122095532.23,825938367.77,278627.17,135,161,897761.27,1
2024-01-06 21:32:00,488603352.54,614430137.51,106292.09,47,66,10179236.51,1
2024-01-13 23:28:00,58201853.95,425744802.04,99289.19,107,1,538906.06,1
2024-01-28 22:16:00,523916412.20,304182201.97,530867.74,117,30,4439969.59,1
2024-01-29 08:36:00,783453519.60,13655893.10,863568.25,20,155,37307310.46,1
2024-01-18 19:56:00,346940894.18,19994833.01,74380.76,95,24,3613967.65,1
2024-01-19 20:19:00,197662229.13,291507560.13,728227.22,44,178,4392493.98,1
2024-01-25 00:38:00,229510481.15,245253376.78,142618.15,91,79,2494679.14,1
2024-01-01 19:53:00,418974019.61,565934712.59,934172.06,151,136,2756408.02,1
2024-01-21 18:40:00,470413760.62,208732560.69,976671.30,159,42,2940086.00,1
2024-01-12 06:50:00,571189340.97,801518005.93,536293.79,81,168,6965723.67,1
2024-01-20 16:12:00,359787349.20,249699493.44,853697.57,167,157,2141591.36,1
2024-01-05 07:25:00,929579386.50,144777474.05,60159.69,49,57,18591587.73,1
2024-01-04 16:36:00,135602091.37,216945638.86,176894.45,128,186,1051179.00,1
2024-01-24 01:05:00,483075869.42,524792637.24,475523.42,25,151,18579841.13,0
2024-01-11 09:51:00,644021709.80,406805436.75,421961.89,153,63,4181959.15,1
2024-01-06 08:37:00,296014528.46,190392035.69,323632.57,172,100,1711066.64,1
2024-01-23 14:00:00,103745157.50,498461866.91,16286.31,192,110,537539.68,1
2024-01-19 16:22:00,157954031.29,205962831.52,473715.44,56,197,2771123.36,0
2024-01-22 01:56:00,40349909.59,184260156.14,992935.69,95,112,420311.56,1
2024-01-18 07:24:00,702199732.14,194874397.60,736076.88,73,119,9489185.57,1
2024-01-24 18:57:00,659550785.14,113568305.68,852798.90,45,33,14338060.55,1
2024-01-02 21:11:00,225553315.93,787912952.03,763931.64,107,35,2088456.63,1
2024-01-18 00:21:00,704784137.46,546154811.48,922237.54,26,171,26103116.20,1
2024-01-10 22:22:00,757405000.22,905082554.29,105504.17,39,165,18935125.01,1
2024-01-14 10:18:00,178034442.45,834400930.19,682000.59,65,125,2697491.55,1
2024-01-19 03:28:00,517044780.74,699321783.03,516960.48,72,13,7082805.22,1
2024-01-22 06:08:00,133422642.35,423019997.87,703561.26,89,198,1482473.80,0
2024-01-28 18:40:00,455530000.11,856963973.99,625809.15,107,1,4217870.37,1
2024-01-01 00:23:00,454665094.91,400736169.44,611047.75,133,61,3393023.10,1
2024-01-30 12:12:00,631571027.32,738496209.47,339421.87,86,47,7259437.10,1
2024-01-04 09:00:00,804391820.53,708349209.78,91566.63,31,46,25137244.39,1
2024-01-03 23:03:00,741398078.99,121236459.14,907139.06,105,179,6994321.50,1
2024-01-04 14:53:00,43066188.06,858451923.79,879218.00,170,197,251849.05,1
2024-01-03 13:31:00,874316475.48,600562359.02,453063.81,95,49,9107463.29,1
2024-01-05 22:26:00,607258908.18,289676231.53,537362.15,64,29,9342444.74,1
2024-01-27 09:40:00,761878239.11,129790888.27,949669.22,51,188,14651504.60,1
2024-01-06 04:26:00,663279123.99,373625015.64,756949.87,100,78,6567120.04,0
2024-01-27 08:51:00,456682825.12,106607965.65,351182.24,27,186,16310100.90,1
2024-01-14 16:30:00,261392093.78,76199585.03,829806.71,166,115,1565222.12,1
2024-01-01 16:47:00,264289797.52,147018242.24,750713.94,169,120,1554645.87,1
2024-01-25 05:03:00,814329340.40,722205374.13,655110.68,196,87,4133651.47,1
2024-01-10 09:24:00,311623550.26,849137526.77,467453.25,103,76,2996380.29,1
2024-01-23 10:23:00,85899875.90,364927351.77,975341.89,91,64,933694.30,1
2024-01-04 05:34:00,551656925.53,777365320.29,977777.32,81,56,6727523.48,0
2024-01-08 17:17:00,111916245.32,621609062.34,4735.06,126,14,881230.28,1
2024-01-30 00:31:00,645694435.49,522262538.58,673049.63,34,149,18448412.44,1
2024-01-07 07:52:00,469711214.44,364785827.00,25614.70,137,3,3403704.45,1
2024-01-29 03:42:00,947009289.64,808296264.00,472764.23,23,186,39458720.40,1
2024-01-09 15:24:00,817040545.77,302297252.33,247401.20,37,162,21501066.99,0
2024-01-19 17:46:00,90312360.64,266613931.20,899648.00,131,181,684184.55,1
2024-01-26 21:49:00,395656673.88,160380235.62,131461.35,107,116,3663487.72,1
2024-01-03 07:40:00,521948793.55,733788536.80,732065.17,198,130,2622858.26,1
2024-01-21 12:17:00,289750028.84,164040708.81,679994.66,13,97,20696430.63,0
2024-01-28 03:46:00,138378419.62,497711287.81,613657.43,189,111,728307.47,1
2024-01-27 20:01:00,452453691.31,309290971.02,657617.15,114,49,3934379.92,1
2024-01-26 04:16:00,197972280.69,438760171.48,813859.82,126,58,1558836.86,1
2024-01-17 17:28:00,791189281.66,82847157.78,260995.56,105,184,7464049.83,1
2024-01-18 20:21:00,106533252.29,226508205.73,925262.00,28,14,3673560.42,0
2024-01-01 08:02:00,982652658.73,553181210.45,467599.87,197,31,4962892.22,1
2024-01-13 14:56:00,386545110.02,372070445.17,657299.90,109,82,3514046.45,1
2024-01-06 19:31:00,891454925.06,443350174.16,570853.94,62,43,14150078.18,1
2024-01-11 22:37:00,313335995.39,559869377.17,180548.58,164,115,1899006.03,1
2024-01-30 23:57:00,250029897.59,273057181.01,524688.19,16,180,14707641.03,0
2024-01-27 03:42:00,403037477.55,104782189.77,571991.12,54,111,7327954.14,1
2024-01-07 09:36:00,330986969.88,636678743.34,837285.07,68,5,4796912.61,1
2024-01-18 22:59:00,235397773.71,369871915.58,523925.28,14,179,15693184.91,1
2024-01-23 13:12:00,53772104.38,83447568.90,708617.76,174,80,307269.17,1
2024-01-02 14:54:00,561529501.29,29195262.13,826604.31,42,125,13058825.61,1
2024-01-04 21:40:00,401490675.10,950947441.07,221550.13,131,67,3041596.02,1
2024-01-01 20:50:00,339633959.61,106902529.27,137599.10,109,87,3087581.45,1
2024-01-05 14:38:00,972868520.62,168692253.30,7445.08,194,41,4989069.34,1
2024-01-14 16:56:00,573110507.73,931642773.57,80170.39,146,66,3898710.94,1
2024-01-14 02:04:00,866800373.54,877575034.58,644371.09,165,40,5221689.00,1
2024-01-25 04:50:00,410284054.24,246352578.62,841024.97,5,96,68380675.71,1
2024-01-06 23:17:00,50081787.94,911328017.81,279983.48,30,81,1615541.55,0
2024-01-18 09:14:00,850317433.47,437883875.89,655525.50,46,7,18091860.29,1
2024-01-27 15:16:00,882669915.74,765534833.22,898427.43,198,148,4435527.21,1
2024-01-08 09:39:00,879861277.23,925042236.44,220665.94,22,103,38254838.14,0
2024-01-11 08:18:00,77242874.77,846339937.41,445758.82,100,137,764780.94,1
2024-01-20 14:21:00,343038569.22,20121425.14,776386.68,147,3,2317828.17,1
2024-01-26 01:01:00,381746819.96,117754065.97,340468.97,96,53,3935534.23,0
2024-01-21 17:24:00,438940576.10,785239133.93,328012.87,173,37,2522646.99,1
2024-01-15 14:34:00,790384467.49,765214649.62,541975.01,122,120,6425889.98,1
2024-01-20 04:56:00,823871655.64,239942318.16,248516.11,90,54,9053534.68,1
2024-01-07 22:32:00,557038866.04,749085074.93,452329.65,14,110,37135924.40,0
2024-01-15 19:31:00,115518338.83,671320182.30,740955.39,146,39,785839.04,1
2024-01-04 15:42:00,560119453.88,742717108.53,272668.73,134,26,4149032.99,1
2024-01-29 19:48:00,554962212.56,66080164.18,72537.34,46,18,11807706.65,1
2024-01-21 03:00:00,633286251.35,478881576.73,754463.67,26,16,23455046.35,0
2024-01-07 07:09:00,772715657.63,961495560.32,288566.71,62,98,12265327.90,1
2024-01-26 15:47:00,141321350.27,795709617.08,345057.95,169,95,831302.06,1
2024-01-23 12:43:00,747523206.98,875487624.31,379052.30,121,75,6127239.40,1
2024-01-16 01:45:00,6628815.77,724775416.53,106311.98,54,68,120523.92,1
2024-01-06 16:27:00,570678729.55,278112945.67,679975.48,31,47,17833710.30,0
2024-01-30 14:21:00,404288693.01,213462821.83,341648.39,150,22,2677408.56,1
2024-01-09 06:32:00,70203783.30,475480706.24,417764.52,34,87,2005822.38,1
2024-01-23 05:04:00,888311195.20,359924608.78,575068.09,139,76,6345079.97,1
2024-01-25 16:38:00,953010686.17,404235609.09,476245.48,184,131,5151409.11,1
2024-01-05 22:06:00,6157377.27,543479383.65,528457.90,160,172,38244.58,1
2024-01-15 20:30:00,835009215.59,406378507.71,336452.46,114,34,7260949.70,1
2024-01-25 15:59:00,637297468.09,653553279.26,163672.13,115,3,5493943.69,1
2024-01-27 15:40:00,196669202.24,206729463.14,398393.28,15,82,12291825.14,1
2024-01-05 17:38:00,699628672.37,186639548.65,581582.04,192,51,3625019.03,1
2024-01-27 09:50:00,423393069.75,308346284.13,170422.56,168,158,2505284.44,1
2024-01-18 08:02:00,846048919.56,778857338.47,184139.48,13,122,60432065.68,1
2024-01-04 18:46:00,691296733.39,23469697.56,856817.69,198,134,3473852.93,1
2024-01-18 02:22:00,664282989.19,795061907.85,914552.79,96,112,6848278.24,1
2024-01-14 15:43:00,842548251.23,965108750.77,423603.75,107,80,7801372.70,1
2024-01-19 13:20:00,369923953.97,580560563.72,579310.94,126,56,2912787.04,1
2024-01-09 01:37:00,272158741.46,159154746.30,903324.69,102,61,2642317.88,1
2024-01-14 07:52:00,498140449.46,541843383.16,682433.57,49,39,9962808.99,1
2024-01-01 23:42:00,416224136.02,723239714.62,144915.74,152,45,2720419.19,1
2024-01-12 11:21:00,620437354.66,335474821.67,910291.63,89,57,6893748.39,1
2024-01-04 08:55:00,979516149.52,914379746.73,894631.97,22,29,42587658.67,0
2024-01-26 21:40:00,504651258.47,500159383.15,782833.93,110,22,4546407.73,1
2024-01-10 19:52:00,160374065.85,863656981.36,482587.20,65,47,2429910.09,1
2024-01-30 07:22:00,362681917.86,194418130.50,250557.71,173,98,2084378.84,1
2024-01-05 02:48:00,78010059.61,514730407.88,15847.14,90,35,857253.40,1
2024-01-08 23:13:00,954418678.20,953393109.88,724182.59,139,123,6817276.27,1
2024-01-21 19:21:00,76124501.27,264635999.34,226001.80,178,17,425276.54,1
2024-01-02 03:42:00,681495338.77,124030962.28,573191.93,164,23,4130274.78,1
2024-01-14 00:32:00,600214622.07,619088645.30,765147.80,173,115,3449509.32,1
2024-01-12 18:04:00,378036343.61,376257177.22,774732.05,88,32,4247599.37,1
2024-01-26 01:43:00,28564230.36,839431592.36,918850.68,152,61,186694.32,1
2024-01-27 06:17:00,938410892.53,172330415.08,451107.00,197,6,4739448.95,1
2024-01-13 02:46:00,209464143.10,598352990.19,119158.59,198,68,1052583.63,1
2024-01-19 13:22:00,203664011.88,908371343.17,624083.18,109,70,1851491.02,1
2024-01-02 12:37:00,562569734.36,311530297.11,251097.43,40,186,13721213.03,0
2024-01-25 08:58:00,275527770.69,589108888.48,645546.04,173,72,1583492.94,1
2024-01-16 09:15:00,679632240.36,575536143.13,273022.83,29,98,22654408.01,0
2024-01-13 13:29:00,15093563.09,885693380.26,157818.62,115,147,130116.92,1
2024-01-14 18:23:00,494399037.54,457320816.91,55222.33,9,24,49439903.75,1
2024-01-21 06:41:00,195899836.89,38919955.83,741128.48,8,135,21766648.54,1
2024-01-24 21:22:00,686101322.21,417582514.20,171566.54,41,39,16335745.77,1
2024-01-04 22:52:00,472393694.54,490838041.44,634316.53,144,145,3257887.55,1
2024-01-30 23:54:00,977442377.09,67371595.65,377549.23,35,49,27151177.14,1
2024-01-06 05:33:00,426344606.32,424837994.81,580688.44,75,155,5609797.45,1
2024-01-18 07:46:00,669714448.01,328682475.29,181609.66,36,175,18100390.49,1
2024-01-30 10:50:00,913259194.18,159469924.68,239847.45,57,106,15745848.18,1
2024-01-08 06:36:00,20461898.99,929261508.59,312590.76,32,34,620057.55,1
2024-01-19 23:27:00,122190168.88,80711759.49,893147.96,92,30,1313872.78,1
2024-01-15 20:17:00,921464095.24,198976716.97,211458.67,124,188,7371712.76,1
2024-01-06 03:47:00,823391840.10,971479471.61,404867.65,1,121,411695920.05,1
2024-01-05 02:02:00,261217653.97,630293521.21,366451.00,169,110,1536574.44,1
2024-01-08 03:33:00,833017255.77,973285840.33,46353.01,113,159,7307168.91,1
2024-01-29 00:17:00,72986121.80,437016994.90,667608.87,95,190,760272.10,1
2024-01-26 15:11:00,52939085.57,409858902.46,991830.08,100,60,524149.36,1
2024-01-02 20:11:00,519758542.88,685465271.51,35294.39,43,125,11812694.16,1
2024-01-14 19:34:00,797323135.46,756450379.59,557528.64,0,29,10.00,1
2024-01-09 16:48:00,98794322.97,668058169.46,382197.15,144,78,681340.16,1
2024-01-23 20:30:00,296902805.79,402359226.10,424558.70,193,132,1530426.83,1
2024-01-21 17:53:00,965893774.09,71981035.14,161834.27,104,65,9198988.32,1
2024-01-08 00:49:00,71968704.18,633496981.15,607258.40,48,32,1468749.06,1
2024-01-09 23:35:00,661411708.85,503614584.20,51977.41,31,181,20669115.90,1
2024-01-22 19:06:00,860536397.10,270286185.20,493113.11,40,139,20988692.61,1
2024-01-21 07:04:00,32055712.30,234286262.07,792792.96,153,31,208153.98,1
2024-01-07 06:55:00,781076871.70,822621567.15,291204.41,76,195,10143855.48,1
2024-01-09 20:11:00,464717411.01,74937023.09,262635.82,0,142,10.00,1
2024-01-11 10:49:00,774874710.72,433785540.43,275430.55,152,89,5064540.59,1
2024-01-29 07:23:00,115590179.83,121718413.59,34172.65,108,20,1060460.37,1
2024-01-08 03:53:00,445738689.29,610950249.09,225707.39,101,166,4369987.15,1
2024-01-02 21:44:00,508609191.71,152646776.62,867313.32,141,8,3581754.87,1
2024-01-21 02:44:00,484161699.04,902159819.60,489346.86,101,153,4746683.32,1
2024-01-01 17:07:00,744115793.69,52011335.39,498631.48,111,81,6643891.02,1
2024-01-23 04:00:00,561112738.50,301824961.22,193790.19,39,199,14027818.46,1
2024-01-13 10:19:00,164101227.57,337929949.66,358520.10,99,196,1641012.28,1
2024-01-05 05:49:00,930183394.02,791819746.04,488783.88,199,79,4650916.97,1
2024-01-10 04:52:00,266389403.52,264366205.66,759132.36,177,60,1496569.68,1
2024-01-20 07:22:00,401641693.18,623783774.37,93476.90,154,184,2591236.73,1
2024-01-24 20:49:00,733310700.81,423425124.43,398461.41,54,173,13332921.83,0
2024-01-12 00:03:00,303171640.90,295139609.69,681809.66,120,183,2505550.75,1
2024-01-27 14:26:00,807330060.79,560409357.59,966612.95,195,20,4119030.92,1
2024-01-02 17:52:00,643841523.04,511544687.53,903753.50,78,62,8149892.70,1
2024-01-27 07:50:00,27986651.30,160859677.49,163728.57,180,17,154622.38,1
2024-01-14 06:36:00,914692487.59,913908832.56,275373.56,4,79,182938497.52,1
2024-01-03 23:20:00,604267788.08,193867342.96,78244.53,121,184,4953014.66,1
2024-01-18 23:13:00,529664275.30,970454407.06,338493.95,123,84,4271486.09,1
2024-01-28 16:16:00,967003459.22,561023848.44,233032.29,137,86,7007271.44,1
2024-01-27 02:27:00,223203994.40,3877786.88,262458.58,107,119,2066703.65,1
2024-01-29 05:03:00,358193095.65,904141977.71,916625.40,7,135,44774136.96,1
2024-01-17 09:38:00,532195685.85,15495363.43,777364.01,86,181,6117191.79,0
2024-01-01 02:47:00,446003643.88,896456404.20,795742.61,94,92,4694775.20,1
2024-01-20 03:44:00,271156535.33,99243014.92,466720.85,123,164,2186746.25,1
2024-01-11 10:55:00,645393085.23,497543487.15,956080.24,73,133,8721528.18,0
2024-01-28 15:40:00,121157899.20,364963075.71,75501.64,105,127,1142999.05,1
2024-01-29 17:33:00,690058843.55,481607698.29,812089.79,1,53,345029421.78,1
2024-01-13 17:02:00,87942243.53,887388444.74,382634.87,197,165,444152.75,1
2024-01-08 21:30:00,152436308.15,956962944.90,319423.03,109,158,1385784.62,1
2024-01-03 07:09:00,612129474.59,217697727.25,235731.29,101,153,6001269.36,1
2024-01-26 10:40:00,18823311.44,857372752.19,759278.62,117,126,159519.59,1
2024-01-13 11:37:00,9608253.25,739141246.52,913854.67,149,131,64055.02,1
2024-01-14 20:59:00,709958229.01,878046519.92,296526.80,145,158,4862727.60,1
2024-01-20 16:49:00,412379363.92,39250431.50,894135.13,95,97,4295618.37,1
2024-01-18 16:25:00,147916474.93,608616658.13,864397.76,108,10,1357031.88,1
2024-01-28 18:19:00,828467344.19,49133254.15,410818.16,63,0,12944802.25,1
2024-01-28 19:01:00,695156037.20,667474133.35,591200.86,13,20,49654002.66,1
2024-01-21 22:54:00,703286164.17,255525037.51,138513.90,109,86,6393510.58,1
2024-01-18 05:07:00,112535307.57,755647179.84,725696.94,77,70,1442760.35,0
2024-01-15 15:07:00,456590547.68,714653936.95,752172.49,27,174,16306805.27,0
2024-01-08 09:24:00,521655914.86,609872162.39,563106.60,100,104,5164910.05,0
2024-01-04 04:59:00,963672147.90,677849542.49,454992.19,170,11,5635509.64,1
2024-01-06 15:11:00,500962847.79,335716346.46,288632.38,37,97,13183232.84,1
2024-01-21 05:37:00,374392311.17,888497018.32,494484.63,45,196,8138963.29,0
2024-01-23 18:40:00,727845788.05,272322605.51,974459.53,49,34,14556915.76,1
2024-01-09 13:58:00,119509988.58,68841781.87,672702.20,82,173,1439879.38,0
2024-01-25 21:31:00,536602685.18,883077796.34,556185.49,48,183,10951075.21,0
2024-01-30 08:07:00,223505090.19,219213701.06,905263.85,96,77,2304176.19,1
2024-01-10 06:48:00,96169504.70,675123437.81,455946.67,179,118,534275.03,1
2024-01-28 23:43:00,270125440.79,302930183.43,246051.54,68,29,3914861.46,1
2024-01-05 07:31:00,85044995.45,335327222.18,739212.91,116,32,726880.30,1
2024-01-08 23:10:00,437151636.01,718341828.45,44090.24,59,114,7285860.60,1
2024-01-29 17:35:00,756115780.74,712107652.64,832888.45,121,169,6197670.33,1
2024-01-26 15:50:00,437079852.79,725960348.54,784231.40,69,23,6243997.90,0
2024-01-17 13:11:00,448178437.14,137401517.71,413566.18,196,27,2275017.45,1
2024-01-01 02:00:00,120808479.32,515532287.97,964079.08,88,107,1357398.64,0
2024-01-20 08:24:00,834925240.81,921407768.54,952755.33,24,67,33397009.63,1
2024-01-08 10:21:00,638680937.00,707725442.21,411929.74,197,78,3225661.30,1
2024-01-28 10:31:00,475181531.69,335035256.95,899481.77,41,68,11313845.99,0
2024-01-17 05:48:00,750275879.96,482438628.07,1391.66,161,11,4631332.59,1
2024-01-27 22:55:00,445995721.26,862848266.64,957518.00,51,27,8576840.79,1
2024-01-29 18:02:00,165079323.40,371557857.28,475297.81,73,27,2230801.67,1
2024-01-05 07:27:00,119976562.65,547288315.03,504214.64,103,65,1153620.79,1
2024-01-24 07:15:00,912552594.45,288325869.21,254336.08,121,138,7479939.30,1
2024-01-09 09:25:00,713087873.72,851989154.25,584738.90,134,154,5282132.40,1
2024-01-11 19:42:00,136760968.37,526299237.19,839546.12,73,102,1848121.19,0
2024-01-01 13:10:00,151376839.10,997968016.17,406680.67,68,12,2193867.23,0
2024-01-30 19:04:00,806760632.16,251303217.50,927184.64,1,19,403380316.08,1
2024-01-14 11:38:00,74192409.76,453531272.78,280388.30,0,19,10.00,1
2024-01-02 13:22:00,270882008.34,914613620.77,687129.91,122,155,2202292.75,1
2024-01-04 09:44:00,927669746.51,497539732.68,347979.62,175,185,5270850.83,1
2024-01-28 19:48:00,954160383.90,178068610.55,87556.91,11,81,79513365.33,1
2024-01-15 17:23:00,470091235.82,684496631.09,861958.29,49,172,9401824.72,1
2024-01-15 04:54:00,578517879.21,73805372.78,637873.97,133,101,4317297.61,1
2024-01-16 11:22:00,661761436.58,710663118.27,91936.67,193,177,3411141.43,1
2024-01-25 16:45:00,977449393.95,151734218.16,581329.39,149,35,6516329.29,1
2024-01-14 09:37:00,427585034.13,898112136.12,457741.86,163,78,2607225.82,1
2024-01-26 04:13:00,130053291.41,627806746.75,26630.36,119,174,1083777.43,1
2024-01-27 09:25:00,124393141.93,413370334.64,878553.48,25,105,4784351.61,1
2024-01-29 21:54:00,486545577.07,584565659.46,840043.80,178,111,2718131.72,1
2024-01-09 17:30:00,119846430.23,341346621.52,214906.23,10,132,10895130.02,1
2024-01-15 19:03:00,472662739.83,987796499.29,991272.68,98,74,4774371.11,1
2024-01-02 07:59:00,223882808.09,497635892.64,126537.26,153,197,1453784.47,1
2024-01-07 13:24:00,471255103.99,48964476.28,81809.61,9,162,47125510.40,1
2024-01-03 20:36:00,647452632.94,261670093.58,756578.42,51,169,12451012.17,1
2024-01-02 17:51:00,890193844.40,226581950.98,542502.50,95,59,9272852.55,0
2024-01-30 04:49:00,591800762.85,268581141.59,317578.35,31,98,18493773.84,1
2024-01-16 03:54:00,407279855.89,296162224.80,629889.35,162,64,2498649.42,1
2024-01-05 02:42:00,721860657.77,310520853.75,240227.50,6,157,103122951.11,1
2024-01-22 15:40:00,942438281.88,519064715.62,288776.91,96,139,9715858.58,0
2024-01-12 09:37:00,305606530.32,454517579.88,355544.52,199,62,1528032.65,1
2024-01-12 01:30:00,161419045.61,769431429.83,854957.89,97,6,1647133.12,1
2024-01-06 07:41:00,652372190.06,215317972.90,220099.77,27,176,23299006.79,1
2024-01-19 20:50:00,768873365.64,158128607.35,126237.16,194,78,3942940.34,1
2024-01-12 10:10:00,553561069.23,323208507.64,587125.82,126,52,4358748.58,1
2024-01-05 17:22:00,546808480.65,916618135.57,126209.35,100,15,5413945.35,0
2024-01-27 18:39:00,291284022.16,594545350.77,931737.06,64,175,4481292.65,1
2024-01-06 16:44:00,305010578.99,561048441.61,255768.29,12,180,23462352.23,1
2024-01-11 22:18:00,859185271.95,159508306.06,398868.64,178,157,4799917.72,1
2024-01-24 18:08:00,220352410.92,851441373.17,225309.66,188,11,1165885.77,1
2024-01-22 19:49:00,983103574.52,322527433.27,103847.06,13,196,70221683.89,1
2024-01-29 01:22:00,328311975.07,74377010.06,144266.17,182,12,1794054.51,1
2024-01-19 21:51:00,110514203.58,623485439.58,949146.85,131,102,837228.82,1
2024-01-02 06:54:00,316431270.77,201135529.69,573674.73,189,189,1665427.74,1
2024-01-30 21:32:00,143308259.53,466791112.13,183694.31,39,171,3582706.49,1
2024-01-22 23:23:00,642862160.31,94569433.53,361896.54,30,137,20737489.04,1
2024-01-30 06:20:00,290280388.93,122014437.51,268898.88,104,6,2764575.13,1
2024-01-10 15:47:00,557921832.87,476136701.67,725466.05,89,151,6199131.48,0
2024-01-09 00:04:00,154329802.42,50868603.88,159547.23,78,48,1953541.80,1
2024-01-29 09:32:00,935992760.87,747055310.12,68016.96,74,130,12479903.48,1
2024-01-12 03:51:00,309421778.70,832587581.48,287534.92,52,38,5838146.77,0
2024-01-08 15:39:00,869309336.70,606014444.58,479800.84,169,144,5113584.33,1
2024-01-28 07:45:00,325378660.08,348119628.09,832223.97,196,170,1651668.33,1
2024-01-01 12:15:00,208854844.40,124753658.22,948477.66,192,194,1082149.45,1
2024-01-04 17:05:00,273914996.04,795535271.89,89857.18,23,182,11413124.84,0
2024-01-04 13:31:00,382905558.72,844683241.38,611578.53,100,88,3791144.15,1
2024-01-30 21:40:00,718720385.38,12839386.91,487945.93,41,165,17112390.13,1
2024-01-08 15:54:00,956198311.93,349845586.45,101886.48,58,138,16206751.05,0
2024-01-06 16:45:00,835499894.50,361408628.85,236854.19,59,189,13924998.24,1
2024-01-22 04:20:00,134193787.90,940321941.53,627029.07,99,191,1341937.88,1
2024-01-27 18:07:00,844523158.17,134752006.76,521330.42,15,167,52782697.39,0
2024-01-13 06:57:00,182507605.25,619423398.49,63148.36,15,161,11406725.33,0
2024-01-06 08:49:00,886976269.22,89530538.83,817072.81,94,102,9336592.31,0
2024-01-17 03:21:00,662377018.58,495590033.25,226990.03,59,171,11039616.98,0
2024-01-08 04:33:00,954385831.24,544125670.95,15538.72,191,44,4970759.54,1
2024-01-09 04:52:00,5671670.39,501729636.67,885021.27,77,149,72713.72,1
2024-01-30 02:01:00,725965957.25,503880930.74,895121.23,153,67,4714064.66,1
2024-01-21 16:00:00,350884717.03,968027370.56,260349.64,112,88,3105174.49,1
2024-01-01 13:10:00,476445118.45,582838406.27,510557.71,192,116,2468627.56,1
2024-01-20 07:50:00,82206984.08,312921358.55,272627.91,40,80,2005048.39,0
2024-01-30 23:14:00,550052954.94,975640470.67,213845.80,163,79,3353981.43,1
2024-01-25 08:24:00,387645282.48,96472687.04,356641.38,169,190,2280266.37,1
2024-01-11 13:06:00,552576144.31,539174198.50,872165.11,94,3,5816590.99,1
2024-01-09 10:13:00,171409330.45,474961713.60,766999.43,164,129,1038844.43,1
2024-01-26 17:39:00,155191178.99,651257045.83,195532.76,151,140,1020994.60,1
2024-01-01 10:14:00,876077926.71,855568700.29,405147.68,9,88,87607792.67,1
2024-01-13 15:43:00,999563271.54,905739958.73,889373.25,135,105,7349729.94,1
2024-01-29 09:13:00,45577297.42,628346957.08,769280.18,78,63,576927.82,0
2024-01-28 05:57:00,230327911.18,980315880.86,56689.20,115,51,1985585.44,1
2024-01-23 09:50:00,397965610.79,724436011.05,619931.80,71,128,5527300.15,0
2024-01-02 16:36:00,206645409.42,920605828.85,175724.07,53,195,3826766.84,1
2024-01-03 23:25:00,360412723.25,659785984.24,107593.09,69,7,5148753.19,1
2024-01-26 02:25:00,37927598.56,688521511.27,213901.47,43,75,861990.88,0
2024-01-07 03:05:00,54129799.84,324996018.99,237833.87,165,44,326083.13,1
2024-01-26 06:31:00,37281179.39,641819611.70,367202.01,145,99,255350.54,1
2024-01-11 06:43:00,416743828.16,378200734.12,441511.71,127,146,3255811.16,1
2024-01-03 07:39:00,690782463.39,384473522.01,577681.15,148,57,4636123.92,1
2024-01-17 07:45:00,860880880.61,931401576.50,141826.10,171,140,5005121.40,1
2024-01-30 01:31:00,140852515.50,111131376.32,136500.46,36,90,3806824.74,1
2024-01-20 14:04:00,549550578.09,515120115.64,587818.36,177,151,3087362.80,1
2024-01-02 08:41:00,685723184.01,799500404.21,105426.46,72,127,9393468.27,1
2024-01-25 04:03:00,761961438.89,357432386.14,723784.67,146,142,5183411.15,1
2024-01-19 15:42:00,134591163.40,392603779.01,53632.49,91,81,1462947.43,1
2024-01-10 10:14:00,310511188.25,408570013.44,788375.66,181,110,1706105.43,1
2024-01-01 20:27:00,541713419.55,336367195.36,547023.88,69,194,7738763.14,1
2024-01-17 08:47:00,659498761.14,778515402.46,723276.36,162,17,4046004.67,1
2024-01-16 10:39:00,455161783.92,960420549.53,952321.40,50,25,8924740.86,0
2024-01-11 23:00:00,830628597.65,576156860.14,863298.14,18,64,43717294.61,1
2024-01-29 02:21:00,947569896.04,523587117.94,332960.15,171,74,5509127.30,1
2024-01-25 05:27:00,771874041.94,693646105.75,434842.50,121,135,6326836.41,1
2024-01-04 17:15:00,803072187.70,354081711.22,371754.50,158,34,5050768.48,1
2024-01-28 02:33:00,638883666.70,832648850.30,495966.74,36,133,17267126.13,1
2024-01-07 04:42:00,239280100.69,22757486.75,689153.63,5,93,39880016.78,1
2024-01-09 19:19:00,203237636.92,200123590.98,55465.30,4,69,40647527.38,1
2024-01-28 07:50:00,511213764.62,57615904.26,387696.91,67,33,7517849.48,0
2024-01-12 23:32:00,84804632.24,592720365.24,359823.54,80,174,1046970.77,0
2024-01-05 03:02:00,676100014.79,536499966.28,713296.94,173,128,3885632.27,1
2024-01-10 02:17:00,914462260.62,37675466.49,655735.72,53,170,16934486.31,1
2024-01-24 05:25:00,753519695.57,602774608.26,10775.60,13,199,53822835.40,0
2024-01-04 09:57:00,118555251.96,810685380.49,867793.60,190,19,620708.13,1
2024-01-20 04:02:00,85335677.90,378506387.59,999980.46,22,42,3710246.87,1
2024-01-03 11:20:00,932342175.60,773688750.63,136095.16,185,22,5012592.34,1
2024-01-21 17:46:00,28474225.80,625340774.40,540105.12,37,141,749321.73,1
2024-01-27 03:48:00,988907380.78,89454182.15,666152.77,165,181,5957273.38,1
2024-01-14 16:35:00,498397263.07,225366971.72,567543.94,158,75,3134573.98,1
2024-01-14 05:36:00,995746794.47,91200863.12,119002.19,165,186,5998474.67,1
2024-01-17 10:32:00,271588159.68,880690092.73,740066.07,131,126,2057486.06,1
2024-01-22 06:41:00,809899902.04,653618067.63,603309.39,168,127,4792307.11,1
2024-01-21 09:37:00,745794531.51,391402110.81,742953.33,71,124,10358257.38,1
2024-01-12 06:48:00,131132341.52,874742287.86,524665.86,28,91,4521804.88,1
2024-01-02 23:57:00,491864464.17,799253685.40,976155.39,86,66,5653614.53,1
2024-01-18 14:13:00,213730592.27,99719269.73,981571.48,187,22,1136864.85,1
2024-01-07 13:55:00,280193577.20,463169842.60,491298.73,11,32,23349464.77,1
2024-01-10 02:11:00,438526561.36,787892933.12,216724.13,37,141,11540172.67,1
2024-01-09 11:59:00,584940440.00,762089421.32,514708.76,66,87,8730454.33,1
2024-01-08 01:22:00,863046721.09,55718125.85,413215.80,23,153,35960280.05,1
2024-01-03 05:09:00,507395716.90,428642015.68,107318.56,83,178,6040425.20,1
2024-01-06 20:39:00,598050132.65,898330059.99,683613.87,20,156,28478577.75,1
2024-01-12 18:51:00,55358141.64,612900475.65,899739.57,106,173,517365.81,1
2024-01-04 09:56:00,852255770.38,581850900.50,44469.24,171,12,4954975.41,1
2024-01-28 09:36:00,700447666.73,614984745.87,119105.75,0,107,10.00,1
2024-01-11 12:39:00,464231703.71,890245384.47,393338.05,49,115,9284634.07,1
2024-01-28 22:52:00,737738351.19,226427371.09,801647.03,156,104,4698970.39,1
2024-01-05 00:22:00,79999277.71,432810603.40,773567.95,154,19,516124.37,1
2024-01-18 09:01:00,256598397.78,722810554.53,491931.43,84,110,3018804.68,1
2024-01-11 06:20:00,952798745.09,705941735.52,633317.89,188,190,5041263.20,1
2024-01-23 09:06:00,21857466.50,716215448.68,313983.26,12,25,1681343.58,1
2024-01-22 14:36:00,263900174.28,880612901.88,597646.66,144,136,1820001.20,1
2024-01-26 13:39:00,569726291.47,701879677.52,367953.55,197,16,2877405.51,1
2024-01-04 13:55:00,291364141.79,187998585.23,843042.14,3,50,72841035.45,1
2024-01-09 06:34:00,245398629.92,837059815.95,971168.06,71,138,3408314.30,1
2024-01-01 06:49:00,640765117.75,855052960.21,727975.57,128,114,4967171.46,1
2024-01-14 21:30:00,296972308.53,932050115.50,946322.53,166,33,1778277.30,1
2024-01-05 00:46:00,608896362.30,285332544.09,67775.77,73,170,8228329.22,0
2024-01-11 05:48:00,126168515.30,121805827.03,819893.91,186,11,674697.94,1
2024-01-11 19:36:00,214191741.69,161788740.17,975363.43,190,106,1121422.73,1
2024-01-20 10:31:00,635978321.68,161778572.83,208721.14,169,45,3741048.95,1
2024-01-26 14:30:00,451682786.08,182422368.85,791721.30,106,15,4221334.45,1
2024-01-22 16:52:00,88028244.08,515704471.91,953698.23,15,44,5501765.26,1
2024-01-06 11:38:00,58042451.21,388007850.64,488418.84,183,5,315448.10,1
2024-01-02 11:56:00,88458136.21,804565360.91,858100.84,16,147,5203419.78,1
2024-01-21 16:37:00,377642721.14,232322561.53,510418.60,22,159,16419248.75,0
2024-01-15 23:37:00,857889869.70,89629914.80,201876.94,167,25,5106487.32,1
2024-01-18 01:56:00,668011848.73,678439619.07,230257.08,79,179,8350148.11,1
2024-01-29 17:51:00,183424024.55,390565073.74,313015.42,193,165,945484.66,1
2024-01-01 01:23:00,469238801.83,860472881.26,200927.41,160,173,2914526.72,1
2024-01-09 16:23:00,317789059.05,318285567.89,823401.26,188,86,1681423.59,1
2024-01-20 23:17:00,71402272.16,135762919.80,20000.21,189,80,375801.43,1
2024-01-11 22:08:00,482882036.72,487239815.09,772944.12,179,191,2682677.98,1
2024-01-03 12:04:00,221383198.83,536015252.57,133403.51,93,184,2355140.41,1
2024-01-05 06:28:00,39648175.10,226868971.39,606807.72,177,4,222742.56,1
2024-01-18 19:56:00,702007923.29,570986975.50,501890.51,31,37,21937747.60,0
2024-01-01 23:25:00,42913205.04,65844152.33,521147.52,28,71,1479765.69,1
2024-01-23 04:42:00,346509136.99,652282078.57,164302.08,108,160,3178982.91,1
2024-01-21 10:04:00,780836959.32,175209309.29,969203.09,26,146,28919887.38,1
2024-01-19 00:15:00,516730037.91,737409937.19,962704.71,130,10,3944504.11,1
2024-01-21 20:20:00,755656972.44,615924996.02,876208.85,48,57,15421570.87,1
2024-01-23 14:59:00,551156781.01,352191239.84,656618.54,73,190,7448064.61,1
2024-01-20 04:00:00,281093739.16,332694164.44,571934.92,134,13,2082175.85,1
2024-01-08 04:13:00,508388806.12,641407505.49,234168.64,157,71,3217650.67,1
2024-01-17 08:43:00,371937327.64,143545143.10,539495.91,26,166,13775456.58,1
2024-01-09 13:26:00,254999762.09,820619917.54,817404.92,2,24,84999920.70,1
2024-01-13 17:07:00,893397089.89,182821280.25,323117.62,193,199,4605139.64,1
2024-01-25 13:54:00,29840886.73,326021377.45,160964.38,43,59,678201.97,0
2024-01-28 09:15:00,518893757.10,940054428.85,453734.14,119,136,4324114.64,1
2024-01-17 23:55:00,195516384.27,227095137.45,111725.27,196,95,992468.96,1
2024-01-10 02:06:00,907498310.88,380273953.43,790158.68,38,174,23269187.46,1
2024-01-24 11:26:00,61911163.99,555417339.71,101570.03,162,162,379823.09,1
2024-01-17 06:26:00,506907511.09,953772711.15,123579.73,122,115,4121199.28,1
2024-01-29 12:11:00,492959781.27,865162365.77,758725.77,41,113,11737137.65,1
2024-01-22 06:03:00,943247138.17,470386555.74,981059.88,142,45,6596133.83,1
2024-01-12 12:25:00,730695829.68,351096292.59,128395.48,124,176,5845566.64,1
2024-01-17 18:43:00,132623288.87,950087849.59,157890.24,166,175,794151.43,1
2024-01-05 17:35:00,34633314.92,185769004.56,249728.59,129,138,266410.11,1
2024-01-13 06:45:00,707504062.31,31476923.94,849906.57,92,136,7607570.56,0
2024-01-13 21:45:00,725710077.10,40413308.29,665594.29,20,54,34557622.72,1
2024-01-29 00:46:00,301463005.21,193799866.70,549789.32,186,142,1612101.63,1
2024-01-19 09:09:00,44195912.68,240123084.97,918411.96,170,96,258455.63,1
2024-01-07 19:35:00,289682952.39,438667065.60,821720.96,68,197,4198303.66,1
2024-01-04 16:20:00,113094970.33,605492828.00,422317.81,139,88,807821.22,1
2024-01-17 05:37:00,477424600.77,805636126.35,982420.45,0,43,10.00,1
2024-01-08 01:32:00,156648429.91,865530141.37,460840.04,105,118,1477815.38,1
2024-01-14 23:47:00,870295978.51,771355264.86,578229.73,182,65,4755715.73,1
2024-01-22 07:40:00,990495673.81,677516533.22,191519.37,90,70,10884567.84,1
2024-01-22 18:16:00,872669552.33,621361276.25,467274.98,35,176,24240820.90,1
2024-01-22 08:10:00,965663580.85,325742728.02,297148.99,150,117,6395123.05,1
2024-01-17 15:34:00,192204613.35,737920190.26,908324.92,73,128,2597359.64,1
2024-01-26 18:18:00,136920449.42,86516952.65,725780.44,43,86,3111828.40,1
2024-01-03 03:43:00,613466334.65,6352109.40,893505.82,185,160,3298206.10,1
2024-01-01 07:23:00,74616184.83,17900396.96,268961.08,147,84,504163.41,1
2024-01-26 23:26:00,442717494.67,706109554.12,620983.96,132,23,3328702.97,1
2024-01-17 03:33:00,550734728.71,832171785.12,972121.66,88,55,6188030.66,1
2024-01-07 15:38:00,938937684.51,628501945.70,639771.12,186,188,5021057.14,1
2024-01-14 14:45:00,944561410.18,353117855.88,720169.74,55,31,16867168.04,1
2024-01-20 02:33:00,495461142.78,326786877.41,789202.02,189,63,2607690.23,1
2024-01-01 12:52:00,817747238.72,679805711.01,524396.45,135,145,6012847.34,1
2024-01-08 07:56:00,902546996.58,128012382.09,498844.72,151,31,5937809.19,1
2024-01-25 12:24:00,762365077.65,917979899.99,549603.96,57,198,13144225.48,0
2024-01-08 13:22:00,213908760.24,62870518.79,486015.68,34,136,6111678.86,1
2024-01-05 03:41:00,672234656.66,484114191.77,187689.54,11,48,56019554.72,1
2024-01-26 02:26:00,508149059.66,817735811.35,187395.79,129,55,3908838.92,1
2024-01-08 01:12:00,320974299.91,23700881.27,178625.73,182,174,1753957.92,1
2024-01-05 14:19:00,617955991.22,111435215.57,123215.17,147,187,4175378.32,1
2024-01-29 19:33:00,851065531.65,225248744.10,583701.01,132,136,6398988.96,1
2024-01-16 08:08:00,337270423.74,87363900.68,179074.56,113,63,2958512.49,1
2024-01-15 00:53:00,10392839.42,583773115.21,818879.60,175,156,59050.22,1
2024-01-09 06:34:00,562469391.11,228939150.92,526866.14,106,96,5256723.28,1
2024-01-02 19:09:00,704910260.49,832356534.29,607781.09,46,194,14998090.65,0
2024-01-24 16:48:00,677324668.03,422238829.73,336282.94,52,53,12779710.72,1
2024-01-16 20:17:00,751007529.38,952505047.75,626423.20,178,107,4195572.79,1
2024-01-23 21:15:00,331113414.53,500575790.79,717147.41,139,34,2365095.82,1
2024-01-04 18:33:00,675198139.62,951388460.32,929570.25,60,184,11068821.96,1
2024-01-06 15:15:00,392664969.99,300188585.87,149196.24,90,51,4314999.67,1
2024-01-22 07:02:00,117112627.17,566946734.92,453318.48,182,183,639959.71,1
2024-01-02 23:37:00,114676587.26,156206008.02,406382.63,168,35,678559.69,1
2024-01-10 22:26:00,420622187.94,391518951.62,116724.74,17,180,23367899.33,1
2024-01-18 12:42:00,913543125.67,30005656.61,457843.01,89,10,10150479.17,0
2024-01-03 03:59:00,501404967.25,676059277.18,869353.29,162,158,3076104.09,1
2024-01-12 00:33:00,527220449.54,64530989.40,596866.49,16,22,31012967.62,1
2024-01-28 05:27:00,47776971.02,253426921.25,209844.12,94,150,502915.48,0
2024-01-18 16:10:00,353989888.86,115066234.04,955539.83,157,163,2240442.33,1
2024-01-09 06:39:00,212934011.23,207975207.28,394939.73,193,139,1097598.00,1
2024-01-24 02:57:00,415623817.86,847250039.26,997834.61,137,151,3011766.80,1
2024-01-05 11:04:00,750412204.93,973110784.17,347162.62,12,137,57724015.76,1
2024-01-05 15:05:00,612710163.76,983587363.51,558949.71,11,183,51059180.31,1
2024-01-07 00:04:00,584008937.66,115395050.38,920733.67,62,95,9269983.14,1
2024-01-17 15:26:00,54176719.93,897338785.27,139909.80,115,21,467040.69,1
2024-01-26 02:41:00,569135121.50,107323645.33,825170.60,121,104,4665041.98,1
2024-01-21 04:18:00,934659156.51,327411069.88,175377.96,128,179,7245419.82,1
2024-01-30 11:05:00,104329974.74,587353345.56,529863.34,31,98,3260311.71,0
2024-01-14 05:48:00,273002320.26,620990713.10,258292.38,145,142,1869878.91,1
2024-01-02 08:56:00,962799555.32,488984093.61,485896.71,92,179,10352683.39,1
2024-01-24 18:07:00,894804306.77,464559020.84,378451.85,13,48,63914593.34,0
2024-01-22 10:59:00,144811877.61,902496910.52,780570.43,164,189,877647.74,1
2024-01-22 17:02:00,419970519.25,4919338.11,497491.84,24,136,16798820.77,0
2024-01-23 08:19:00,508281821.19,251549946.15,690311.05,68,96,7366403.21,0
2024-01-10 04:52:00,858621709.42,627669524.61,877852.15,74,24,11448289.46,0
2024-01-26 21:56:00,661557084.13,464930275.60,12419.95,125,51,5250453.05,1
2024-01-21 10:35:00,726651203.26,872788380.52,631691.12,161,127,4485501.25,1
2024-01-20 21:20:00,699344320.09,675282277.29,906345.13,147,17,4725299.46,1
2024-01-30 21:51:00,892433688.87,531403364.23,582866.22,125,191,7082807.05,1
2024-01-26 15:41:00,200921473.57,163638314.22,425497.10,52,45,3790971.20,1
2024-01-04 18:18:00,580571753.89,411041387.42,150036.14,19,179,29028587.69,1
2024-01-18 02:02:00,729077735.49,866524748.88,500122.67,189,66,3837251.24,1
2024-01-18 10:10:00,592519715.33,170264807.42,360042.57,146,20,4030746.36,1
2024-01-12 08:31:00,88543537.13,826856643.54,475784.28,71,194,1229771.35,1
2024-01-18 23:35:00,97397332.77,814675981.87,250042.38,157,186,616438.82,1
2024-01-23 14:44:00,496048360.60,992639443.03,417747.21,192,198,2570198.76,1
2024-01-23 07:20:00,711672205.22,505361364.26,929137.80,194,46,3649601.05,1
2024-01-03 10:54:00,172843328.19,201451923.17,461354.12,165,144,1041224.87,1
2024-01-06 15:47:00,35080047.31,227931338.27,33742.34,38,96,899488.39,0
2024-01-18 05:09:00,299002166.64,987357922.17,592790.49,116,169,2555574.07,1
2024-01-18 11:35:00,956233755.32,425096000.07,592367.12,145,174,6549546.27,1
2024-01-08 23:43:00,687938325.31,767503398.13,624651.31,9,126,68793832.53,1
2024-01-17 08:06:00,872281289.14,852138131.06,812129.62,157,20,5520767.65,1
2024-01-13 19:11:00,795947737.39,116401730.18,286183.22,144,161,5489294.74,1
2024-01-25 05:09:00,403615414.63,327109687.22,905145.64,141,164,2842362.07,1
2024-01-08 12:40:00,667145431.88,301279000.56,993150.80,175,39,3790599.04,1
2024-01-23 09:06:00,793903728.87,829029304.40,53747.03,100,16,7860432.96,1
2024-01-27 19:46:00,55485723.20,956981534.85,38037.64,184,5,299922.83,1
2024-01-28 15:50:00,81734732.41,621180390.22,645314.78,107,191,756803.08,1
2024-01-22 21:11:00,63907823.06,906956506.29,16413.14,38,117,1638662.13,1
2024-01-27 20:32:00,455759886.13,526476903.64,153711.54,110,98,4105944.92,1
2024-01-26 20:56:00,987466151.99,727153885.02,278790.58,153,130,6412117.87,1
2024-01-26 00:42:00,110843465.28,323726282.63,33998.59,93,170,1179185.80,1
2024-01-25 11:18:00,627086977.89,543603206.56,792769.52,182,72,3426704.80,1
2024-01-28 03:01:00,65518384.96,415952918.05,196965.24,137,138,474770.91,1
2024-01-03 17:09:00,551805920.56,696143682.65,358687.29,33,5,16229585.90,1
2024-01-01 03:04:00,297280412.81,72675328.05,624750.14,113,146,2607722.92,1
2024-01-30 04:38:00,607149986.75,880702149.31,641947.27,64,122,9340769.03,1
2024-01-08 05:23:00,417705050.48,260325934.07,113689.95,146,114,2841530.96,1
2024-01-22 07:56:00,537245668.49,71866727.13,545417.12,175,192,3052532.21,1
2024-01-15 23:36:00,172990657.31,170436307.44,631466.67,50,37,3391973.67,1
2024-01-19 20:36:00,243170538.85,55133345.28,7083.93,89,125,2701894.88,1
2024-01-15 04:19:00,87340388.76,906483151.87,404151.59,9,161,8734038.88,1
2024-01-01 04:56:00,577583516.43,791312634.87,539567.03,108,37,5298931.34,1
2024-01-14 23:39:00,160223195.00,33560826.87,658865.57,52,105,3023079.15,1
2024-01-19 22:52:00,882773399.38,73627797.55,342094.42,196,157,4481083.25,1
2024-01-25 12:51:00,117644894.00,795431219.43,116090.92,60,4,1928604.82,1
2024-01-01 00:48:00,564234555.88,845004206.37,472165.54,57,80,9728182.00,0
2024-01-15 11:02:00,51406280.03,510989425.75,708844.95,102,139,499090.10,1
2024-01-05 02:21:00,864813432.45,337731627.29,653944.02,2,100,288271144.15,1
2024-01-05 14:31:00,764876964.52,846332145.95,242112.02,144,1,5275013.55,1
2024-01-11 19:41:00,569970398.18,188476522.47,611409.63,23,50,23748766.59,1
2024-01-29 00:58:00,424545086.83,332083801.30,426272.54,71,182,5896459.54,1
2024-01-02 14:54:00,838655268.75,331872218.84,260952.50,154,129,5410679.15,1
2024-01-15 07:56:00,87037943.44,898810183.78,358967.16,100,32,861761.82,0
2024-01-10 22:23:00,857459068.66,77827159.72,182660.53,89,185,9527322.99,1
2024-01-24 12:47:00,340318236.75,232254973.07,593079.46,43,74,7734505.38,1
2024-01-05 16:22:00,483693698.03,109752198.48,604349.57,32,51,14657384.79,1
2024-01-04 07:29:00,424895654.05,709039735.45,877763.14,131,124,3218906.47,1
2024-01-24 22:07:00,641813032.34,254868105.60,298932.36,93,156,6827798.22,1
2024-01-30 21:20:00,751403698.14,912867049.88,177996.89,56,124,13182521.02,1
2024-01-22 12:17:00,54273666.38,774532837.45,91001.54,191,49,282675.35,1
2024-01-07 20:36:00,371521750.03,382903558.42,180457.16,22,68,16153119.57,0
2024-01-24 15:22:00,144345493.48,758215333.51,505288.79,164,77,874821.17,1
2024-01-30 19:27:00,885156989.01,182785865.49,958464.85,106,13,8272495.22,1
2024-01-25 16:45:00,577545937.16,679875673.05,824138.49,186,190,3088480.95,1
2024-01-01 07:13:00,942229107.02,781334721.85,40591.60,98,11,9517465.73,0
2024-01-21 18:27:00,5360197.42,790201135.00,38931.06,16,91,315305.73,1
2024-01-24 22:20:00,252230778.84,32858006.77,385765.07,140,40,1788870.77,1
2024-01-15 01:08:00,877155692.25,226972853.02,670923.62,33,61,25798696.83,1
2024-01-15 03:57:00,445722478.99,388294900.07,805499.61,33,16,13109484.68,1
2024-01-16 16:21:00,790962642.73,878260206.70,193917.90,45,98,17194840.06,0
2024-01-24 03:58:00,735042703.83,828598011.01,334527.24,197,117,3712336.89,1
2024-01-30 09:11:00,880863394.07,853370573.14,857261.96,199,146,4404316.97,1
2024-01-09 20:20:00,465211665.63,63065283.37,861671.86,60,168,7626420.75,1
2024-01-28 05:11:00,383995570.32,991118398.87,49712.88,41,149,9142751.67,1
2024-01-28 16:17:00,407407554.94,876169219.98,663747.87,158,38,2562311.67,1
2024-01-29 22:23:00,229727387.11,533343501.31,202517.32,69,35,3281819.82,1
2024-01-03 05:54:00,996506095.17,896207200.65,94916.79,115,138,8590569.79,1
2024-01-27 20:20:00,806913937.02,666604601.49,670422.27,119,35,6724282.81,1
2024-01-03 05:56:00,472938269.16,82762925.03,436687.99,121,78,3876543.19,1
2024-01-28 20:07:00,13916801.38,365547221.24,886914.86,119,25,115973.34,1
2024-01-21 17:16:00,532502595.84,997840916.06,377710.38,43,169,12102331.72,1
2024-01-22 04:01:00,823809332.09,692004039.01,345180.49,159,100,5148808.33,1
2024-01-12 23:29:00,693641336.69,967188202.95,463811.99,131,104,5254858.61,1
2024-01-27 10:29:00,614318321.30,804189345.17,181824.25,186,111,3285124.71,1
2024-01-09 03:02:00,574578264.69,55872512.78,477773.28,177,40,3227967.78,1
2024-01-13 10:53:00,199634880.06,661419832.72,261294.36,78,178,2527023.80,1
2024-01-05 02:51:00,949164815.87,25642476.57,950633.15,44,71,21092551.46,1
2024-01-16 17:32:00,99615618.16,9201819.54,907246.23,102,59,967141.92,1
2024-01-18 10:32:00,125950168.70,433901683.58,61503.90,183,165,684511.79,1
2024-01-28 02:21:00,113217410.61,506958308.96,853606.56,172,55,654435.90,1
2024-01-18 12:41:00,206527826.22,38167582.15,971405.50,157,182,1307138.14,1
2024-01-25 04:51:00,990092545.51,771238160.58,110230.18,46,63,21065798.84,0
2024-01-02 15:56:00,129568190.64,885042590.53,525545.07,123,158,1044904.76,1
2024-01-15 07:02:00,50489399.15,642837543.91,514563.49,79,169,631117.49,1
2024-01-11 07:04:00,456223179.45,252394472.30,338803.62,113,171,4001957.71,1
2024-01-12 20:18:00,239946745.46,355690661.77,162164.77,112,137,2123422.53,1
2024-01-02 19:31:00,214962394.97,548686080.03,2898.73,185,169,1155711.80,1
2024-01-23 09:25:00,618416278.12,559092339.05,871082.39,3,10,154604069.53,1
2024-01-12 21:58:00,585773635.73,326596349.02,661521.96,142,45,4096319.13,1
2024-01-28 16:28:00,461808695.39,479843521.68,495710.87,43,131,10495652.17,1
2024-01-24 22:25:00,427357851.52,500984667.93,758905.45,86,46,4912159.21,1
2024-01-21 10:57:00,21872690.81,355342531.08,428596.44,103,190,210314.33,1
2024-01-01 16:45:00,185110474.39,56227787.93,726059.78,86,74,2127706.60,1
2024-01-20 21:17:00,376703394.72,830994596.83,314911.90,169,65,2215902.32,1
2024-01-19 03:45:00,934642072.82,964819446.39,442341.73,29,0,31154735.76,1
2024-01-27 03:27:00,693013061.60,497825122.65,352362.67,147,174,4682520.69,1
2024-01-30 17:12:00,899792467.01,472946950.78,585043.66,169,98,5292896.86,1
2024-01-03 22:19:00,591077321.71,871858368.81,972896.07,78,145,7481991.41,1
2024-01-28 09:30:00,483260598.56,190451290.89,378590.86,60,138,7922304.89,1
2024-01-26 22:03:00,422164566.93,108755301.12,217579.58,175,198,2398662.31,1
2024-01-07 09:47:00,226398265.68,267363493.96,111623.07,52,167,4271665.39,1
2024-01-13 19:16:00,179865688.97,383570202.27,859277.09,103,42,1729477.78,1
2024-01-01 13:25:00,861145557.36,43024027.54,818993.89,142,136,6021996.90,1
2024-01-08 09:20:00,285551420.29,394840638.94,79295.50,185,80,1535222.69,1
2024-01-28 05:51:00,925230710.41,483870559.12,46264.56,149,51,6168204.74,1
2024-01-16 04:55:00,883875374.92,114207177.51,50669.16,196,149,4486677.03,1
2024-01-15 19:34:00,629969742.10,946745090.26,20616.07,15,21,39373108.88,1
2024-01-28 10:10:00,932935728.25,208536327.72,903037.87,158,0,5867520.30,1
2024-01-05 02:09:00,272972276.49,885901234.66,751516.08,3,88,68243069.12,1
2024-01-15 07:26:00,300216718.11,690978670.85,67941.64,24,70,12008668.72,1
2024-01-18 07:08:00,638105129.70,793300720.15,72855.38,58,183,10815341.18,0
2024-01-10 20:04:00,364227235.62,159713515.28,7884.01,31,182,11382101.11,1
2024-01-12 06:46:00,73788602.21,449411412.42,129358.19,137,153,534700.02,1
2024-01-11 16:05:00,660232367.64,396325306.01,987624.43,61,178,10648909.16,0
2024-01-06 12:08:00,319256762.32,950738310.55,153585.63,105,134,3011856.25,1
2024-01-24 16:50:00,93388906.82,334140485.20,161149.23,107,170,864712.10,1
2024-01-01 16:53:00,915364734.96,957668512.75,735578.71,78,180,11586895.38,1
2024-01-26 00:17:00,717043268.04,581812899.79,478513.94,163,199,4372215.05,1
2024-01-22 21:44:00,659191640.79,963940602.26,605092.61,3,160,164797910.20,1
2024-01-23 13:12:00,454814316.81,36437237.05,981219.59,48,161,9281924.83,1
2024-01-23 05:31:00,317274491.37,291240713.76,182320.22,6,138,45324927.34,1
2024-01-12 10:20:00,285291337.94,149522704.02,407883.51,20,73,13585301.81,1
2024-01-29 02:59:00,687073274.53,480472055.89,178892.21,112,48,6080294.46,1
2024-01-28 18:06:00,182882058.50,211635670.89,500411.38,184,68,988551.67,1
2024-01-03 04:27:00,916144854.66,916656729.32,447676.93,68,5,13277461.66,1
2024-01-26 06:26:00,559345700.37,738794377.11,508935.77,12,72,43026592.34,1
2024-01-23 09:50:00,499522889.07,24609853.04,855778.10,19,24,24976144.45,1
2024-01-26 02:41:00,473901162.49,91212830.80,208160.98,181,184,2603852.54,1
2024-01-12 06:09:00,411118339.07,325544037.61,886547.17,108,138,3771727.88,1
2024-01-20 12:25:00,210673330.01,613634563.56,597633.50,165,102,1269116.45,1
2024-01-12 04:32:00,908176733.19,630700689.95,384158.62,126,39,7150997.90,1
2024-01-29 22:10:00,141344884.85,700469290.76,565113.61,117,43,1197838.01,1
2024-01-15 16:07:00,535090268.59,838000323.25,101282.73,198,158,2688895.82,1
2024-01-30 04:50:00,881847249.55,787123546.73,193997.54,128,149,6836025.19,1
2024-01-04 07:12:00,927449671.15,428734475.64,936803.94,188,90,4907141.12,1
2024-01-21 07:37:00,468184521.45,889298725.42,927196.10,17,85,26010251.19,0
2024-01-24 16:51:00,59900172.32,600120221.57,746675.95,184,65,323784.72,1
2024-01-18 01:24:00,781157334.51,787254549.53,971716.56,125,22,6199661.39,1
2024-01-23 10:11:00,752985132.88,156937155.35,39913.19,163,70,4591372.76,1
2024-01-27 00:32:00,175395998.43,738280367.04,406761.13,49,50,3507919.97,0
2024-01-27 15:07:00,997700418.01,499396226.49,474305.26,94,37,10502109.66,1
2024-01-17 02:40:00,3765378.73,352261555.00,665385.81,30,121,121463.83,1
2024-01-29 02:14:00,303067540.95,843038125.24,814923.93,70,13,4268556.91,1
2024-01-11 13:21:00,950391281.35,410211190.51,108064.64,158,15,5977303.66,1
2024-01-18 03:06:00,477910536.83,455831367.78,283856.13,50,88,9370794.84,1
2024-01-20 10:53:00,698210294.36,420244843.30,448853.98,87,71,7934207.89,0
2024-01-24 21:09:00,413076178.66,948205569.71,416378.94,91,13,4489958.46,1
2024-01-09 06:37:00,871854792.18,685861325.16,380519.05,118,177,7326510.86,1
2024-01-20 23:26:00,246017185.36,823983986.73,890338.82,118,55,2067371.31,1
2024-01-18 21:29:00,969270734.09,693363583.86,627755.11,148,50,6505172.71,1
2024-01-20 07:17:00,602645144.63,53282893.73,83139.69,56,5,10572721.84,1
2024-01-21 15:54:00,88866111.11,217297344.64,728543.51,28,184,3064348.66,1
2024-01-17 10:40:00,354386890.07,718452538.60,627280.89,102,131,3440649.42,1
2024-01-13 04:21:00,650644643.57,297442944.50,183510.09,41,65,15491539.13,0
2024-01-02 01:24:00,880527203.50,326488338.74,544566.62,82,84,10608761.49,1
2024-01-26 23:01:00,943946010.06,197765835.32,164400.63,0,123,10.00,1
2024-01-15 01:37:00,29204432.96,686192601.14,760360.18,1,110,14602216.48,1
2024-01-20 09:50:00,990847605.28,797982730.69,927557.95,15,128,61927975.33,0
2024-01-05 22:17:00,30987970.24,814412801.99,429662.42,90,46,340527.15,1
2024-01-18 07:53:00,54154298.25,520637985.47,467937.46,142,178,378701.39,1
2024-01-13 17:51:00,173396169.72,202972091.20,871018.02,162,71,1063780.18,1
2024-01-11 21:29:00,744362592.74,243700045.50,142068.83,140,116,5279167.32,1
2024-01-01 00:36:00,781036581.94,137630060.58,898146.69,145,147,5349565.63,1
2024-01-04 21:44:00,268934765.25,235975684.59,175737.66,113,182,2359076.89,1
2024-01-08 13:16:00,359248062.76,645335821.13,519117.02,196,16,1823594.23,1
2024-01-09 18:58:00,115653505.19,331565695.89,527914.31,160,9,718344.75,1
2024-01-25 02:12:00,12851609.09,137612251.59,716772.91,84,87,151195.40,0
2024-01-20 11:41:00,615096136.37,204687934.80,568490.25,140,147,4362383.95,1
2024-01-10 01:21:00,211241788.21,160536882.59,336244.85,148,11,1417730.12,1
2024-01-23 12:06:00,591903060.65,84006.24,154780.38,31,120,18496970.65,1
2024-01-22 14:24:00,571012393.83,535686201.55,110324.46,197,121,2883900.98,1
2024-01-16 04:58:00,892019850.09,922471244.27,287469.85,157,89,5645695.25,1
2024-01-15 17:45:00,782165470.34,131146807.71,275945.41,43,173,17776487.96,1
2024-01-07 18:09:00,48967828.35,438481909.37,675796.28,184,25,264690.96,1
2024-01-07 08:42:00,269903331.09,908460130.36,903511.15,21,107,12268333.23,1
2024-01-18 23:32:00,648227634.53,937418461.75,819591.90,131,77,4910815.41,1
2024-01-06 08:12:00,749743125.27,286871865.65,226926.45,108,35,6878377.30,1
2024-01-25 12:27:00,119303999.81,536552363.79,269826.75,115,161,1028482.76,1
2024-01-18 07:35:00,847779087.02,760771181.93,980171.15,100,135,8393852.35,1
2024-01-07 03:47:00,765415128.43,518467551.26,511933.08,70,40,10780494.77,1
2024-01-14 10:48:00,253947236.08,907926305.82,494486.36,79,28,3174340.45,0
2024-01-27 07:11:00,618012738.33,942441255.64,966801.05,16,184,36353690.49,1
2024-01-22 18:05:00,193935465.20,450813521.26,258510.41,90,95,2131158.96,0
2024-01-11 08:05:00,147558834.82,700337565.54,24884.92,183,27,801950.19,1
2024-01-09 03:12:00,650249277.36,180490342.56,184609.07,174,7,3715710.16,1
2024-01-13 23:06:00,133717888.21,56038381.22,141371.59,100,29,1323939.49,0
2024-01-10 16:29:00,780864142.27,396693944.33,490191.93,198,43,3923940.41,1
2024-01-18 15:41:00,315515410.35,310502736.29,250104.05,29,22,10517180.35,0
2024-01-11 18:07:00,522237914.77,60582498.29,630090.72,149,33,3481586.10,1
2024-01-11 00:41:00,456267469.09,954930351.61,155454.17,173,93,2622226.83,1
2024-01-28 15:18:00,423689545.66,647612536.69,797396.84,28,67,14609984.33,1
2024-01-30 10:59:00,626625300.22,540908485.30,521088.99,99,199,6266253.00,1
2024-01-22 16:28:00,275860795.65,88599805.70,910233.27,158,187,1734973.56,1
2024-01-14 14:42:00,653875829.38,583595787.07,480513.53,166,123,3915424.13,1
2024-01-09 15:50:00,318479803.29,37603679.82,808506.28,85,65,3703253.53,1
2024-01-06 22:09:00,776693686.13,817972075.91,431453.00,154,35,5010927.01,1
2024-01-22 04:57:00,328946931.99,721138589.90,675484.36,104,123,3132827.92,1
2024-01-12 13:54:00,898063658.78,511781397.52,980289.69,68,164,13015415.34,1
2024-01-05 14:37:00,277580664.03,223484505.99,559189.50,194,61,1423490.58,1
2024-01-24 21:50:00,797795692.19,759656528.33,260198.35,152,95,5214350.93,1
2024-01-22 14:32:00,315240604.60,734421679.52,208417.77,189,146,1659161.08,1
2024-01-24 04:26:00,478182949.85,285607334.54,331277.80,108,145,4386999.54,1
2024-01-09 22:29:00,423611525.17,877315413.95,323709.25,186,75,2265302.27,1
2024-01-22 08:06:00,328539031.85,110649690.07,870026.90,36,184,8879433.29,1
2024-01-12 21:02:00,761632273.04,114315416.42,728546.20,181,12,4184792.71,1
2024-01-16 09:54:00,499778457.71,193160161.71,165066.78,68,60,7243166.05,1
2024-01-11 03:44:00,108055207.09,767665833.07,972711.38,177,190,607051.73,1
2024-01-08 15:08:00,605762519.40,187698904.29,690124.95,176,158,3422387.12,1
2024-01-19 09:05:00,936470325.36,267250058.97,343605.16,133,30,6988584.52,1
2024-01-23 19:29:00,324955111.37,114413731.43,137627.48,6,132,46422158.77,1
2024-01-30 09:03:00,445063099.61,684597814.49,89333.98,53,32,8241909.25,1
2024-01-21 14:15:00,403814436.41,847155676.13,705093.24,150,128,2674267.79,1
2024-01-30 11:10:00,800804114.15,476802489.28,431198.60,75,166,10536896.24,0
2024-01-20 02:39:00,927049176.66,73657783.42,960899.86,147,104,6263845.79,1
2024-01-14 22:40:00,972754954.09,628089867.70,709919.32,46,18,20696913.92,1
2024-01-27 18:19:00,660549728.38,615588602.16,275473.62,81,132,8055484.49,1
2024-01-07 08:11:00,476592950.17,770377555.92,6816.26,145,0,3264335.28,1
2024-01-21 11:01:00,952326490.69,732560517.33,344057.17,179,184,5290702.73,1
2024-01-19 04:17:00,865863169.83,613632925.99,268226.39,162,116,5312043.99,1
2024-01-16 19:00:00,823240506.64,415996409.76,643266.42,31,42,25726265.83,0
2024-01-05 17:11:00,204216712.48,199540448.14,823944.20,102,175,1982686.53,1
2024-01-12 19:39:00,842905650.52,639907390.57,214948.81,15,163,52681603.16,1
2024-01-19 17:03:00,72524908.54,852691579.08,512443.77,24,29,2900996.34,1
2024-01-04 23:29:00,62936707.09,183006355.96,19791.61,56,107,1104152.76,1
2024-01-18 21:05:00,321398719.83,880453189.36,207386.50,156,116,2047125.60,1
2024-01-09 16:13:00,174360914.62,864958200.99,844442.49,192,176,903424.43,1
2024-01-28 10:32:00,108609261.28,857362271.33,341372.72,62,69,1723956.53,1
2024-01-05 11:37:00,25337881.02,664154937.89,551661.08,40,80,617997.10,1
2024-01-19 05:57:00,58650004.02,80605652.57,721889.53,194,165,300769.25,1
2024-01-26 10:07:00,426629971.86,250351114.33,973349.91,74,14,5688399.62,1
2024-01-20 05:51:00,608577154.99,255205419.71,72820.50,171,186,3538239.27,1
2024-01-06 08:14:00,597521611.34,516473248.33,400865.41,21,103,27160073.24,1
2024-01-02 15:38:00,238978733.16,417051962.51,840601.21,183,129,1298797.46,1
2024-01-21 19:08:00,823856225.84,683000763.27,493101.92,59,58,13730937.10,0
2024-01-27 19:55:00,842392738.65,502631896.66,962324.83,34,173,24068363.96,1
2024-01-17 09:06:00,19182309.93,143942898.50,362849.74,92,63,206261.40,0
2024-01-28 00:39:00,72615702.43,413626588.24,726039.12,102,152,705006.82,1
2024-01-26 09:00:00,918908067.16,101741543.39,43221.52,106,43,8587925.86,1
2024-01-28 11:45:00,146532987.78,555015282.43,917325.52,106,67,1369467.18,1
2024-01-10 17:52:00,136318418.51,681214623.95,528804.03,54,124,2478516.70,0
2024-01-23 09:14:00,302515723.66,237863301.84,95646.24,59,76,5041928.73,1
2024-01-24 18:08:00,552098997.31,542943586.92,803684.33,126,24,4347236.20,1
2024-01-07 01:12:00,392363024.92,504545867.40,762819.90,21,189,17834682.95,1
2024-01-22 22:27:00,964662063.45,400904860.65,369619.08,77,119,12367462.35,1
2024-01-25 17:25:00,30678090.96,698155136.95,784058.39,153,144,199208.38,1
2024-01-29 19:40:00,625817844.46,373676672.44,468330.32,75,40,8234445.32,1
2024-01-08 19:50:00,230004269.39,538170039.36,316982.16,131,3,1742456.59,1
2024-01-14 18:41:00,125244547.53,489587822.82,719100.92,125,89,994004.35,1
2024-01-30 18:18:00,350383317.63,403113238.89,640331.89,56,61,6147075.75,0
2024-01-25 21:05:00,149391626.54,345499304.38,4894.55,82,141,1799899.11,0
2024-01-01 20:14:00,563607472.03,702294606.21,430632.23,134,89,4174870.16,1
2024-01-02 00:44:00,103676279.77,561797408.86,729545.79,99,96,1036762.80,1
2024-01-23 06:49:00,621252719.07,964753406.42,895226.21,60,25,10184470.80,1
2024-01-29 04:44:00,530439852.98,180742358.68,245461.02,169,168,3120234.43,1
2024-01-02 05:10:00,322260683.02,611408912.33,322777.58,171,198,1873608.62,1
2024-01-27 04:52:00,877495662.94,341190165.77,106681.73,72,6,12020488.53,1
2024-01-09 08:14:00,98362227.28,71062221.59,477020.21,64,56,1513265.04,1
2024-01-02 17:13:00,826638733.87,409642351.50,166652.44,149,77,5510924.89,1
2024-01-10 06:46:00,996111948.27,856613355.05,587324.01,2,109,332037316.09,1
2024-01-10 04:23:00,832171384.62,188922350.73,495762.76,39,184,20804284.62,1
2024-01-03 10:02:00,803053008.19,409001147.84,379231.69,179,140,4461405.60,1
2024-01-14 09:43:00,587154333.75,89476931.81,19077.88,161,24,3624409.47,1
2024-01-05 21:29:00,33709783.64,218873693.05,959819.49,13,5,2407841.69,1
2024-01-05 19:24:00,930480745.40,26162560.44,736049.75,53,59,17231124.91,1
2024-01-15 09:33:00,139171514.53,743557894.25,685539.42,103,199,1338187.64,1
2024-01-10 16:33:00,200452266.12,572061450.61,724253.38,90,130,2202772.16,1
2024-01-06 06:51:00,365023958.54,937879933.31,588437.80,173,145,2097838.84,1
2024-01-15 21:12:00,990938206.07,131975037.27,880135.94,141,175,6978438.07,1
2024-01-08 15:09:00,247035635.32,681736601.64,421390.16,126,17,1945162.48,1
2024-01-20 17:14:00,358820804.76,118888031.99,118740.01,2,157,119606934.92,1
2024-01-24 12:27:00,347373364.40,602132256.03,836281.73,20,88,16541588.78,0
2024-01-06 07:25:00,943248605.76,69165275.56,590741.43,121,2,7731545.95,1
2024-01-19 20:04:00,51303794.18,862870228.12,333155.95,42,4,1193111.49,1
2024-01-16 18:54:00,907630009.17,127450476.24,194024.52,30,162,29278387.39,0
2024-01-27 03:30:00,466832962.37,118159070.69,391391.21,84,101,5492152.50,1
2024-01-30 01:58:00,521949729.33,171093202.08,899613.89,59,74,8699162.16,1
2024-01-22 17:36:00,350104232.03,119399252.23,70315.91,176,51,1977990.01,1
2024-01-06 20:42:00,296173164.79,977551480.64,661220.35,182,167,1618432.59,1
2024-01-01 18:07:00,326682610.88,60876807.74,503825.01,48,83,6666992.06,1
2024-01-13 23:47:00,995545387.85,897535874.28,580074.98,76,176,12929160.88,1
2024-01-08 04:01:00,60526164.70,279721529.04,319778.21,185,82,325409.49,1
2024-01-16 01:32:00,575180493.75,355336738.30,62334.38,39,27,14379512.34,1
2024-01-14 22:08:00,105896521.45,461504252.67,291239.75,68,31,1534732.19,1
2024-01-09 14:26:00,993112742.33,494986106.21,205824.51,130,20,7581013.30,1
2024-01-13 13:14:00,391160524.21,402169583.43,491461.38,114,52,3401395.86,1
2024-01-25 05:52:00,463738642.86,930745205.60,661882.57,177,172,2605273.27,1
2024-01-28 20:48:00,71777177.87,592498349.13,118952.94,74,156,957029.04,0
2024-01-01 03:18:00,592213144.84,549065154.19,791845.12,73,59,8002880.34,1
2024-01-30 17:30:00,924260785.25,192429350.84,726331.63,43,108,21005926.94,0
2024-01-15 01:00:00,122746444.03,310635922.99,295751.11,4,91,24549288.81,1
2024-01-06 20:04:00,273318364.06,500506193.46,868032.74,36,105,7386982.81,0
2024-01-11 13:20:00,844982186.39,539265399.10,981931.37,198,126,4246141.64,1
2024-01-28 18:29:00,134598393.37,86528279.50,367405.00,153,6,874015.54,1
2024-01-10 22:13:00,246385396.82,85199048.22,781874.57,142,11,1722974.80,1
2024-01-07 10:21:00,960388613.04,607054900.79,550198.86,169,83,5649344.78,1
2024-01-12 07:57:00,848016092.74,697577921.74,409188.08,81,118,10341659.67,0
2024-01-10 18:59:00,959955361.85,849136931.31,969954.52,166,184,5748235.70,1
2024-01-26 03:52:00,888595338.46,949699934.37,976840.88,138,114,6392772.22,1
2024-01-02 08:40:00,311461484.98,42001749.68,484.71,109,91,2831468.05,1
2024-01-01 05:28:00,137978335.30,518831442.05,304147.94,134,164,1022061.74,1
2024-01-08 18:59:00,441683548.19,910859949.66,314829.00,33,21,12990692.59,1
2024-01-16 13:26:00,744989206.83,302733491.95,38015.61,143,8,5173536.16,1
2024-01-14 00:16:00,127386312.75,822483110.30,972491.54,71,166,1769254.34,1
2024-01-18 21:11:00,3245073.62,172823261.98,600905.59,84,171,38177.34,1
2024-01-19 00:54:00,301785762.85,901057532.84,510603.38,90,16,3316327.06,1
2024-01-03 18:28:00,24366794.28,615286614.21,385344.66,101,21,238890.14,1
2024-01-09 15:47:00,355021973.38,994512543.71,717294.99,118,164,2983377.93,1
2024-01-21 04:56:00,278527637.29,913585568.55,826033.49,187,71,1481529.99,1
2024-01-03 21:20:00,483149063.30,622768524.00,563113.48,194,91,2477687.50,1
2024-01-26 06:42:00,946883444.11,535422822.06,65167.23,4,78,189376688.82,1
2024-01-09 04:37:00,516783339.14,687929753.81,796182.19,127,95,4037369.84,1
2024-01-12 15:19:00,184891210.32,285446172.46,318863.38,37,80,4865558.17,0
2024-01-28 06:54:00,888666904.10,258321450.82,823390.52,103,7,8544874.08,1
2024-01-28 03:17:00,583017254.30,920002273.24,131308.79,46,189,12404622.43,1
2024-01-30 11:54:00,772500081.47,697040529.13,625467.73,126,137,6082677.81,1
2024-01-22 06:24:00,516270807.23,669132237.83,615976.75,153,52,3352407.84,1
2024-01-19 00:23:00,83737597.24,368391360.72,310138.26,78,158,1059969.59,1
2024-01-08 14:07:00,232875270.92,668698262.29,413540.13,184,149,1258785.25,1
2024-01-27 15:20:00,684480445.09,299843549.02,148739.65,187,158,3640853.43,1
2024-01-03 09:25:00,221941090.34,805167210.88,38117.79,1,35,110970545.17,1
2024-01-16 09:51:00,460854949.92,441818716.20,539270.50,64,5,7090076.15,1
2024-01-08 19:15:00,429637138.59,927767020.39,750799.61,191,65,2237693.43,1
2024-01-09 15:23:00,556306371.35,833232969.61,622873.53,92,182,5981788.94,1
2024-01-08 06:19:00,895025550.53,115598647.28,39626.44,56,5,15702202.64,1
2024-01-21 19:33:00,954969420.49,682724253.38,755532.59,75,96,12565387.11,1
2024-01-16 07:14:00,72092205.42,960935476.24,766689.34,60,192,1181839.43,1
2024-01-18 07:29:00,855870323.26,54893190.66,834721.74,138,88,6157340.46,1
2024-01-05 14:40:00,33892171.09,671502517.24,615466.47,122,130,275546.11,1
2024-01-17 06:07:00,910126232.31,802369322.98,989.94,63,144,14220722.38,0
2024-01-10 05:25:00,229126890.28,187525586.12,297836.62,104,74,2182160.86,1
2024-01-27 01:26:00,620061666.88,641116514.51,302470.28,31,97,19376927.09,1
2024-01-23 23:51:00,846127972.22,159977405.25,728542.72,76,167,10988674.96,0
2024-01-08 23:54:00,292722722.78,79976442.08,450785.89,165,64,1763389.90,1
2024-01-08 02:29:00,168096577.03,783729092.30,671756.91,188,71,889399.88,1
2024-01-24 09:51:00,556179134.07,812083493.93,818414.31,98,34,5617971.05,1
2024-01-09 18:13:00,544776145.87,651591628.31,204952.53,182,11,2976918.83,1
2024-01-21 13:22:00,903254409.19,456097507.34,303337.32,97,73,9216881.73,0
2024-01-12 14:35:00,366438282.52,337013429.05,909172.00,121,75,3003592.48,1
2024-01-29 07:48:00,48998196.63,472868764.81,151997.93,19,6,2449909.83,1
2024-01-01 13:28:00,816842853.15,752368631.09,519349.53,181,122,4488147.54,1
2024-01-20 15:56:00,859430890.08,176261749.65,31259.79,103,109,8263758.56,1
2024-01-08 09:50:00,108808215.32,45673933.17,754105.41,117,192,922103.52,1
2024-01-09 16:00:00,553420804.34,13229931.68,159849.12,108,177,5077255.09,1
2024-01-15 16:48:00,467248682.92,860331910.70,968914.03,160,186,2902165.73,1
2024-01-20 14:05:00,734097848.84,314835433.19,438202.08,137,162,5319549.63,1
2024-01-21 16:49:00,589217206.31,305819376.84,781038.10,178,89,3291716.24,1
2024-01-19 20:26:00,685102037.30,452871306.47,508946.16,64,34,10540031.34,0
2024-01-26 01:07:00,555141639.42,245604150.57,857440.66,98,91,5607491.31,1
2024-01-07 22:34:00,30317086.66,459850404.78,829489.14,129,93,233208.36,1
2024-01-23 00:53:00,431439295.56,178273239.37,716678.34,80,71,5326411.06,0
2024-01-05 01:38:00,996454986.09,768557088.35,541389.87,38,19,25550127.85,0
2024-01-14 05:49:00,612548457.72,554669810.24,412471.23,168,104,3624547.09,1
2024-01-28 21:17:00,632630305.81,367291837.38,598695.01,150,92,4189604.67,1
2024-01-13 07:21:00,76878742.61,832750193.09,490011.16,59,162,1281312.38,1
2024-01-06 04:17:00,634681680.92,101923245.55,10479.61,129,50,4882166.78,1
2024-01-24 02:33:00,218431406.53,345845833.20,368003.69,118,160,1835558.04,1
2024-01-12 09:55:00,584362845.09,211164494.73,456497.57,35,22,16232301.25,1
2024-01-28 01:31:00,149924764.88,121883825.50,31043.89,181,155,823762.44,1
2024-01-24 14:14:00,79530566.90,86555282.71,270457.42,86,132,914144.45,0
2024-01-17 09:11:00,822055390.31,13224638.66,676675.85,118,76,6908028.49,1
2024-01-21 12:22:00,129902836.33,75242941.58,321820.85,148,105,871831.12,1
2024-01-24 03:41:00,119406774.06,39124767.79,198412.86,104,190,1137207.37,1
2024-01-27 10:01:00,799562245.73,812019532.02,298514.00,5,162,133260374.29,1
2024-01-16 02:58:00,4092112.82,359079197.87,355114.46,140,58,29022.08,1
2024-01-30 05:35:00,406935685.99,601006585.34,872944.75,46,156,8658206.08,1
2024-01-21 00:39:00,352240418.48,220677259.23,910119.54,47,78,7338342.05,1
2024-01-15 17:38:00,991888430.19,452912467.89,610265.67,31,20,30996513.44,1
2024-01-16 02:56:00,480668623.41,127418620.93,833419.36,152,140,3141624.99,1
2024-01-23 04:03:00,149876280.90,55284064.12,54510.88,15,170,9367267.56,1
2024-01-10 10:38:00,766753502.94,99203074.51,646817.33,51,152,14745259.67,0
2024-01-25 21:41:00,641579528.49,932734384.39,602477.36,135,26,4717496.53,1
2024-01-01 09:56:00,324781837.86,872066257.30,442501.74,55,104,5799675.68,1
2024-01-10 01:10:00,27577680.39,206064477.17,220699.51,120,174,227914.71,1
2024-01-26 21:30:00,722353076.60,585135521.18,14864.99,42,195,16798908.76,1
2024-01-08 16:07:00,13479021.05,952901092.75,318909.10,108,80,123660.74,1
2024-01-01 17:17:00,441965023.77,350709400.75,833805.65,182,125,2415109.42,1
2024-01-23 09:34:00,564349209.20,528865400.92,473845.13,185,119,3034135.53,1
2024-01-27 00:36:00,670527906.47,203698233.74,940389.09,94,62,7058188.49,0
2024-01-29 12:32:00,368992907.09,780985827.03,729104.46,106,36,3448531.84,1
2024-01-20 05:46:00,345201071.62,289279774.73,241290.20,122,55,2806512.78,1
2024-01-19 01:19:00,183331641.58,760394874.67,124337.00,176,181,1035771.99,1
2024-01-17 14:45:00,170643039.56,607253811.49,960704.14,10,84,15513003.60,0
2024-01-08 09:51:00,942762776.80,258055469.76,422160.03,24,170,37710511.07,1
2024-01-03 17:29:00,20498030.22,950148972.14,464870.08,42,46,476698.38,1
2024-01-17 13:50:00,220086956.60,739084242.97,215760.30,55,79,3930124.23,1
2024-01-13 17:36:00,695137290.40,194345476.61,582902.81,198,62,3493152.21,1
2024-01-19 10:47:00,359680025.31,620971045.47,304001.70,95,123,3746666.93,1
2024-01-08 08:06:00,581666490.16,203378163.41,238703.17,16,77,34215675.89,1
2024-01-01 06:01:00,207581304.64,943185250.63,442447.03,46,128,4416623.50,0
2024-01-11 17:06:00,743352546.01,686647875.87,466750.20,137,196,5386612.65,1
2024-01-02 22:30:00,349842406.54,179283117.90,85736.03,43,27,7950963.79,1
2024-01-06 15:56:00,860723866.32,747457376.97,875278.03,89,83,9563598.51,1
2024-01-17 06:59:00,312388262.96,679148815.96,169125.59,27,72,11156723.68,1
2024-01-07 04:13:00,127409945.53,987848502.85,648560.61,26,71,4718886.87,1
2024-01-07 02:41:00,185637907.40,31711644.92,211809.71,34,112,5303940.21,0
2024-01-07 22:36:00,754100792.46,3972277.09,438252.17,155,143,4833979.44,1
2024-01-16 06:13:00,925113855.64,934347305.79,233078.33,182,191,5055266.97,1
2024-01-19 13:32:00,942466858.97,740881671.98,356039.47,118,43,7919889.57,1
2024-01-16 21:33:00,397142394.57,475496870.01,957296.85,57,55,6847282.67,0
2024-01-28 23:22:00,724261612.30,403924361.72,437128.44,138,171,5210515.20,1
2024-01-22 15:20:00,503604095.97,290047634.25,530462.38,113,12,4417579.79,1
2024-01-13 15:21:00,14561972.21,86897054.30,438987.51,180,86,80452.89,1
2024-01-14 17:51:00,629248779.29,949476598.72,527051.65,87,28,7150554.31,0
2024-01-25 18:30:00,294048630.31,286818802.02,715963.40,89,63,3267207.00,1
2024-01-07 07:41:00,79231459.19,282594277.55,1134.89,137,170,574141.01,1
2024-01-08 09:17:00,936111744.57,939040869.23,28611.87,11,100,78009312.05,1
2024-01-29 14:35:00,802969138.94,370139727.37,780092.89,41,79,19118312.83,0
2024-01-23 02:24:00,561679281.80,634234525.97,606931.94,111,160,5014993.59,1
2024-01-06 05:55:00,717710513.12,708635206.83,40957.46,157,57,4542471.60,1
2024-01-24 15:23:00,609241650.81,656360589.97,993706.86,40,13,14859552.46,1
2024-01-27 07:03:00,994892747.29,864643287.11,993520.25,91,94,10814051.60,1
2024-01-26 20:09:00,628228982.18,634912331.23,842569.56,80,155,7755913.36,0
2024-01-06 09:28:00,80298764.65,693808051.02,532578.98,173,161,461487.15,1
2024-01-21 17:29:00,839116655.96,990815824.60,403464.22,177,124,4714138.52,1
2024-01-08 15:14:00,143184772.07,339675655.83,699260.81,122,159,1164103.84,1
2024-01-04 00:23:00,366226396.22,324171460.97,944405.76,116,29,3130140.14,1
2024-01-10 05:56:00,879077446.98,260046731.56,450750.69,124,134,7032619.58,1
2024-01-20 15:17:00,170114227.18,831188391.87,952462.80,52,105,3209702.40,1
2024-01-15 22:28:00,465935993.36,485332350.39,410056.21,38,79,11947076.75,0
2024-01-09 04:14:00,641061678.02,420439902.61,617680.81,124,151,5128493.42,1
2024-01-03 21:04:00,426682593.31,300503349.31,274345.37,14,23,28445506.22,1
2024-01-24 03:37:00,361828224.91,606895588.28,8915.90,147,33,2444785.30,1
2024-01-18 08:34:00,8798908.08,254138219.97,579698.31,143,97,61103.53,1
2024-01-11 07:54:00,461557127.22,696654375.61,739082.89,103,82,4438049.30,1
2024-01-16 10:43:00,770387556.55,586188124.57,744538.76,117,173,6528708.11,1
2024-01-30 08:09:00,639679456.90,60399004.77,214064.33,140,159,4536733.74,1
2024-01-20 10:28:00,642525469.61,74880475.83,358565.53,171,143,3735613.20,1
2024-01-10 10:10:00,425275588.00,968162642.45,172789.19,178,167,2375841.27,1
2024-01-21 08:24:00,140113191.40,546611789.32,567924.68,104,133,1334411.35,1
2024-01-04 14:27:00,58960063.54,330974885.02,265888.17,36,13,1593515.23,0
2024-01-27 19:26:00,485952420.42,517595991.24,859231.44,90,98,5340136.49,0
2024-01-13 19:28:00,787921606.32,241637645.83,723915.42,189,109,4146955.82,1
2024-01-06 05:33:00,938640540.44,802210764.90,119553.01,181,128,5157365.61,1
2024-01-12 00:30:00,43339153.14,997369536.30,84193.52,123,144,349509.30,1
2024-01-05 20:01:00,737480604.91,794585262.79,704692.41,163,72,4496832.96,1
2024-01-16 02:08:00,509431371.77,12474013.48,247052.25,9,55,50943137.18,1
2024-01-12 04:40:00,473315520.89,300901389.46,394499.70,51,40,9102221.56,1
2024-01-01 17:23:00,522442619.97,405873730.67,425033.28,133,70,3898825.52,1
2024-01-10 01:54:00,564415967.72,316294788.56,717941.18,58,136,9566372.33,1
2024-01-25 02:33:00,79342082.74,876389095.44,373934.47,116,71,678137.46,1
2024-01-17 00:49:00,43412685.68,939480066.13,839034.86,20,36,2067270.75,1
2024-01-28 21:17:00,592714481.52,467643788.56,819291.88,5,186,98785746.92,1
2024-01-05 08:26:00,174919633.71,139799155.34,675326.84,111,146,1561782.44,1
2024-01-21 21:55:00,279444919.34,298939217.47,639310.86,145,25,1914006.30,1
2024-01-27 10:27:00,969267780.67,414927305.44,854254.64,122,192,7880225.86,1
2024-01-10 13:19:00,892006595.16,968134307.86,11443.02,94,116,9389543.11,0
2024-01-10 17:03:00,339768268.00,201441439.24,811033.02,135,41,2498296.09,1
2024-01-27 13:57:00,564378943.00,450678972.85,499055.56,72,43,7731218.40,0
2024-01-25 14:18:00,715624833.22,260077891.49,930127.16,182,145,3910518.21,1
2024-01-10 04:14:00,757939017.01,720625425.68,571097.70,13,18,54138501.22,0
2024-01-02 23:51:00,974411133.81,55316946.98,624915.38,164,32,5905522.02,1
2024-01-19 03:39:00,574259535.57,620174009.69,438125.35,50,174,11259990.89,0
2024-01-03 13:34:00,410304643.43,559643065.46,487644.73,148,14,2753722.44,1
2024-01-23 11:44:00,23562463.97,435447727.23,663853.18,177,62,132373.39,1
2024-01-27 11:43:00,809968809.15,809995694.52,338082.09,53,103,14999422.39,1
2024-01-23 17:47:00,218541769.82,166909985.76,732528.93,43,9,4966858.41,1
2024-01-13 00:21:00,750162076.14,419724629.35,957925.24,138,118,5396849.47,1
2024-01-10 21:46:00,456962958.88,677399739.11,947165.50,168,17,2703922.83,1
2024-01-27 01:18:00,317836098.17,882985692.32,682304.33,50,174,6232080.36,1
2024-01-07 11:43:00,134398495.94,233316862.02,198125.03,55,127,2399973.14,1
2024-01-07 14:22:00,64484237.66,484222417.01,172501.78,118,5,541884.35,1
2024-01-21 08:15:00,283614758.98,442934617.51,751563.59,21,35,12891579.95,1
2024-01-16 09:52:00,377186408.60,217699686.07,572315.50,8,60,41909600.96,1
2024-01-25 15:14:00,418124541.80,532583300.68,653155.30,182,145,2284833.56,1
2024-01-26 02:59:00,763353614.60,401731785.81,562728.13,26,30,28272356.10,1
2024-01-11 01:22:00,717181444.76,897033540.61,537047.27,139,142,5122724.61,1
2024-01-05 11:53:00,992168165.88,478466824.32,755265.30,2,56,330722721.96,1
2024-01-21 21:10:00,224193769.14,55622779.86,628730.75,120,195,1852841.07,1
2024-01-19 05:14:00,283476767.58,409449869.61,841477.49,71,114,3937177.33,1
2024-01-03 13:05:00,232051355.16,224181496.40,991042.51,193,105,1196141.01,1
2024-01-01 18:24:00,497118054.60,239422471.36,185454.70,91,132,5403457.12,1
2024-01-11 01:28:00,665653799.60,343413813.52,720851.83,158,155,4186501.88,1
2024-01-19 17:38:00,713466865.00,624134637.63,793216.35,21,151,32430312.05,1
2024-01-28 15:55:00,2438195.48,273037655.21,444622.27,147,8,16474.29,1
2024-01-18 20:49:00,297993216.03,551877121.09,148621.02,43,169,6772573.09,1
2024-01-04 03:44:00,442312134.85,342040331.29,788831.23,35,108,12286448.19,1
2024-01-23 05:42:00,418367663.15,843694718.27,509123.42,81,15,5102044.67,0
2024-01-23 21:19:00,857181610.39,256999495.00,425619.80,104,31,8163634.38,1
2024-01-05 16:31:00,967382866.69,180956865.96,185507.88,139,44,6909877.62,1
2024-01-22 21:57:00,933931555.07,425401870.65,8350.12,199,5,4669657.78,1
2024-01-04 03:15:00,224943922.48,533103309.69,810358.04,40,170,5486437.13,1
2024-01-27 20:39:00,966840009.06,189187561.94,10704.88,148,96,6488859.12,1
2024-01-17 22:07:00,854664213.10,792437615.11,928641.52,175,142,4856046.67,1
2024-01-25 01:40:00,366021386.32,969091411.64,116317.52,54,181,6654934.30,0
2024-01-10 07:15:00,335470466.88,793135513.28,425448.27,40,180,8182206.51,1
2024-01-19 02:00:00,777250617.08,702806398.36,729854.23,50,132,15240208.18,1
2024-01-25 01:14:00,154348304.78,70070649.99,815580.99,108,3,1416039.49,1
2024-01-04 10:00:00,988026723.45,990137074.88,204194.80,115,3,8517471.75,1
2024-01-12 08:57:00,100982337.16,732828563.40,596139.93,87,97,1147526.56,1
2024-01-14 22:39:00,896113065.85,16373087.31,798541.46,147,135,6054818.01,1
2024-01-02 17:09:00,187037223.69,43189500.26,823176.10,60,60,3066183.99,1
2024-01-10 23:15:00,30587226.92,523228135.56,909598.11,112,177,270683.42,1
2024-01-26 02:54:00,184921192.40,538197851.07,737231.38,130,100,1411612.16,1
2024-01-10 00:00:00,324508004.50,626461811.01,433921.85,167,40,1931595.26,1
2024-01-14 01:28:00,368456656.49,488422749.15,859224.19,141,70,2594765.19,1
2024-01-12 17:18:00,473891047.66,593681110.75,557535.63,42,106,11020722.04,1
2024-01-13 08:14:00,924442887.10,524263111.43,112510.04,179,53,5135793.82,1
2024-01-13 03:23:00,16109710.39,779111646.08,294623.06,89,76,178996.78,1
2024-01-12 02:35:00,927045192.49,350170927.81,509702.56,36,57,25055275.47,1
2024-01-12 18:56:00,277956531.32,231488392.69,608727.81,190,123,1455269.80,1
2024-01-15 11:19:00,640281840.75,662108712.70,616447.43,92,92,6884750.98,1
2024-01-17 08:02:00,67926039.57,708360168.24,974734.87,66,72,1013821.49,1
2024-01-07 08:02:00,447311194.56,408724717.69,83191.39,13,169,31950799.61,0
2024-01-21 07:47:00,558496240.62,288944915.18,570937.71,106,26,5219591.03,1
2024-01-13 05:49:00,162881507.89,159276404.58,203402.59,44,169,3619589.06,1
2024-01-19 14:41:00,382473428.75,834441637.97,936682.81,149,146,2549822.86,1
2024-01-04 21:51:00,371528616.96,324394287.33,728419.02,182,6,2030211.02,1
2024-01-16 18:13:00,261085836.96,721366100.70,374132.49,68,189,3783852.71,1
2024-01-30 01:37:00,129940417.36,423625507.31,347343.14,9,53,12994041.74,1
2024-01-19 20:04:00,370379849.39,136881394.75,256358.82,3,104,92594962.35,1
2024-01-20 17:31:00,731899368.81,520215773.91,889709.19,69,135,10455705.27,1
2024-01-18 04:25:00,166491663.78,23439708.39,247871.40,116,31,1423005.67,1
2024-01-27 02:34:00,345320884.68,725295059.91,894323.75,180,28,1907850.19,1
2024-01-22 07:40:00,306985855.69,199561757.04,962960.27,95,28,3197769.33,0
2024-01-27 20:52:00,696085321.56,175631129.80,747026.85,36,29,18813116.80,1
2024-01-24 19:23:00,751272415.75,104148395.67,525432.05,194,149,3852679.06,1
2024-01-29 08:44:00,284889553.27,2245484.94,30765.14,141,124,2006264.46,1
2024-01-06 18:32:00,533303043.41,879205460.05,499576.23,137,126,3864514.81,1
2024-01-04 22:16:00,767539792.08,984326839.16,302280.49,72,187,10514243.73,1
2024-01-28 12:46:00,767731787.86,840450282.85,487367.92,96,47,7914760.70,1
2024-01-24 10:32:00,676634265.10,304150666.91,172390.63,98,30,6834689.55,1
2024-01-09 19:46:00,248850187.49,63265685.81,721344.58,92,145,2675808.47,1
2024-01-20 18:44:00,173565941.43,206069695.48,942048.60,108,196,1592348.09,1
2024-01-02 19:26:00,558133302.32,79100814.75,686860.57,188,175,2953086.26,1
2024-01-02 21:34:00,72667109.94,956162836.85,198174.31,18,34,3824584.73,1
2024-01-10 06:50:00,750165787.64,935446124.78,837714.02,110,191,6758250.34,1
